{
  "collection_date": "2025-09-02T17:51:36.749715",
  "total_companies": 51,
  "total_predictions": 1173,
  "companies_by_sector": {
    "Information Technology": 14,
    "Health Care": 9,
    "Communication Services": 6,
    "Consumer Staples": 6,
    "Consumer Discretionary": 5,
    "Industrials": 4,
    "Financials": 3,
    "Energy": 2,
    "Materials": 1,
    "Utilities": 1
  },
  "predictions_by_category": {
    "8.01": 59,
    "3.03": 58,
    "5.01": 57,
    "1.01": 56,
    "5.08": 53,
    "5.05": 53,
    "7.01": 52,
    "5.04": 52,
    "1.02": 51,
    "3.01": 51,
    "5.03": 51,
    "4.01": 49,
    "5.07": 48,
    "5.02": 48,
    "4.02": 47,
    "2.06": 47,
    "2.03": 46,
    "3.02": 46,
    "9.01": 45,
    "2.01": 44,
    "2.02": 42,
    "2.05": 42,
    "2.04": 38,
    "5.06": 38
  },
  "overall_performance": {
    "accuracy_5d": 0.5916453537936914,
    "accuracy_9d": 0.56692242114237,
    "avg_confidence": 0.5786922421142371,
    "positive_predictions_pct": 0.8252344416027281,
    "avg_predicted_return_5d": 0.003612446717817562,
    "avg_actual_return_5d": 0.003750468883205456,
    "avg_predicted_return_9d": 0.005997016197783461,
    "avg_actual_return_9d": 0.006197016197783461,
    "prediction_error_5d": 0.008151321398124467,
    "prediction_error_9d": 0.011842284739982948
  },
  "sector_performance": {
    "Information Technology": {
      "companies": 14,
      "predictions": 322,
      "accuracy_5d": 0.6149068322981367,
      "accuracy_9d": 0.6024844720496895,
      "avg_return_5d": 0.00735,
      "avg_return_9d": 0.012047204968944101
    },
    "Communication Services": {
      "companies": 6,
      "predictions": 138,
      "accuracy_5d": 0.6159420289855072,
      "accuracy_9d": 0.6014492753623188,
      "avg_return_5d": 0.00690144927536232,
      "avg_return_9d": 0.00926014492753623
    },
    "Consumer Discretionary": {
      "companies": 5,
      "predictions": 115,
      "accuracy_5d": 0.5130434782608696,
      "accuracy_9d": 0.5478260869565217,
      "avg_return_5d": -0.004951304347826085,
      "avg_return_9d": -0.006785217391304348
    },
    "Financials": {
      "companies": 3,
      "predictions": 69,
      "accuracy_5d": 0.6231884057971014,
      "accuracy_9d": 0.5072463768115942,
      "avg_return_5d": 0.0019014492753623177,
      "avg_return_9d": 0.0061768115942028995
    },
    "Health Care": {
      "companies": 9,
      "predictions": 207,
      "accuracy_5d": 0.5652173913043478,
      "accuracy_9d": 0.5120772946859904,
      "avg_return_5d": 0.00033091787439613527,
      "avg_return_9d": -0.0012516908212560384
    },
    "Consumer Staples": {
      "companies": 6,
      "predictions": 138,
      "accuracy_5d": 0.572463768115942,
      "accuracy_9d": 0.5797101449275363,
      "avg_return_5d": 0.0022920289855072455,
      "avg_return_9d": 0.005077536231884057
    },
    "Energy": {
      "companies": 2,
      "predictions": 46,
      "accuracy_5d": 0.5652173913043478,
      "accuracy_9d": 0.5,
      "avg_return_5d": 0.006486956521739133,
      "avg_return_9d": 0.011347826086956522
    },
    "Materials": {
      "companies": 1,
      "predictions": 23,
      "accuracy_5d": 0.34782608695652173,
      "accuracy_9d": 0.34782608695652173,
      "avg_return_5d": 0.0010695652173913037,
      "avg_return_9d": 0.0026652173913043475
    },
    "Utilities": {
      "companies": 1,
      "predictions": 23,
      "accuracy_5d": 0.7391304347826086,
      "accuracy_9d": 0.7391304347826086,
      "avg_return_5d": 0.008395652173913037,
      "avg_return_9d": 0.01223478260869565
    },
    "Industrials": {
      "companies": 4,
      "predictions": 92,
      "accuracy_5d": 0.6739130434782609,
      "accuracy_9d": 0.6086956521739131,
      "avg_return_5d": 0.00671195652173913,
      "avg_return_9d": 0.012606521739130435
    }
  },
  "category_performance": {
    "7.01": {
      "predictions": 52,
      "accuracy_5d": 0.5384615384615384,
      "accuracy_9d": 0.5576923076923077,
      "avg_confidence": 0.5750769230769232
    },
    "5.01": {
      "predictions": 57,
      "accuracy_5d": 0.5789473684210527,
      "accuracy_9d": 0.5789473684210527,
      "avg_confidence": 0.5826140350877194
    },
    "1.02": {
      "predictions": 51,
      "accuracy_5d": 0.6274509803921569,
      "accuracy_9d": 0.6078431372549019,
      "avg_confidence": 0.5818627450980393
    },
    "3.03": {
      "predictions": 58,
      "accuracy_5d": 0.5689655172413793,
      "accuracy_9d": 0.5,
      "avg_confidence": 0.5750344827586207
    },
    "2.01": {
      "predictions": 44,
      "accuracy_5d": 0.5454545454545454,
      "accuracy_9d": 0.4772727272727273,
      "avg_confidence": 0.569409090909091
    },
    "9.01": {
      "predictions": 45,
      "accuracy_5d": 0.6444444444444445,
      "accuracy_9d": 0.4222222222222222,
      "avg_confidence": 0.5622222222222223
    },
    "5.03": {
      "predictions": 51,
      "accuracy_5d": 0.7058823529411765,
      "accuracy_9d": 0.6862745098039216,
      "avg_confidence": 0.5737450980392157
    },
    "5.07": {
      "predictions": 48,
      "accuracy_5d": 0.5625,
      "accuracy_9d": 0.5416666666666666,
      "avg_confidence": 0.5751666666666667
    },
    "4.01": {
      "predictions": 49,
      "accuracy_5d": 0.7142857142857143,
      "accuracy_9d": 0.6530612244897959,
      "avg_confidence": 0.5832244897959183
    },
    "5.05": {
      "predictions": 53,
      "accuracy_5d": 0.7169811320754716,
      "accuracy_9d": 0.6415094339622641,
      "avg_confidence": 0.5969811320754717
    },
    "3.01": {
      "predictions": 51,
      "accuracy_5d": 0.43137254901960786,
      "accuracy_9d": 0.5882352941176471,
      "avg_confidence": 0.5777450980392157
    },
    "2.02": {
      "predictions": 42,
      "accuracy_5d": 0.5238095238095238,
      "accuracy_9d": 0.42857142857142855,
      "avg_confidence": 0.5759761904761904
    },
    "5.04": {
      "predictions": 52,
      "accuracy_5d": 0.4423076923076923,
      "accuracy_9d": 0.5,
      "avg_confidence": 0.5767500000000001
    },
    "5.02": {
      "predictions": 48,
      "accuracy_5d": 0.7083333333333334,
      "accuracy_9d": 0.6041666666666666,
      "avg_confidence": 0.5881666666666666
    },
    "3.02": {
      "predictions": 46,
      "accuracy_5d": 0.5869565217391305,
      "accuracy_9d": 0.5217391304347826,
      "avg_confidence": 0.5922608695652175
    },
    "5.08": {
      "predictions": 53,
      "accuracy_5d": 0.4339622641509434,
      "accuracy_9d": 0.5660377358490566,
      "avg_confidence": 0.5751320754716981
    },
    "2.04": {
      "predictions": 38,
      "accuracy_5d": 0.6052631578947368,
      "accuracy_9d": 0.6052631578947368,
      "avg_confidence": 0.5859473684210528
    },
    "4.02": {
      "predictions": 47,
      "accuracy_5d": 0.7021276595744681,
      "accuracy_9d": 0.5957446808510638,
      "avg_confidence": 0.5661702127659575
    },
    "2.03": {
      "predictions": 46,
      "accuracy_5d": 0.5,
      "accuracy_9d": 0.5,
      "avg_confidence": 0.5748695652173913
    },
    "2.05": {
      "predictions": 42,
      "accuracy_5d": 0.5952380952380952,
      "accuracy_9d": 0.5,
      "avg_confidence": 0.5883095238095238
    },
    "8.01": {
      "predictions": 59,
      "accuracy_5d": 0.559322033898305,
      "accuracy_9d": 0.6101694915254238,
      "avg_confidence": 0.5806271186440678
    },
    "5.06": {
      "predictions": 38,
      "accuracy_5d": 0.6052631578947368,
      "accuracy_9d": 0.5526315789473685,
      "avg_confidence": 0.5766842105263157
    },
    "2.06": {
      "predictions": 47,
      "accuracy_5d": 0.5957446808510638,
      "accuracy_9d": 0.6382978723404256,
      "avg_confidence": 0.5801276595744682
    },
    "1.01": {
      "predictions": 56,
      "accuracy_5d": 0.7142857142857143,
      "accuracy_9d": 0.6607142857142857,
      "avg_confidence": 0.5741785714285713
    }
  }
}